{
    "train_loss": [
        0.6196344991525015,
        0.48186299295136426,
        0.4087761598404008,
        0.36144596947865054,
        0.2790747032773615,
        0.2936551482840018,
        0.265940421345559,
        0.27266354911556145,
        0.2431404029273174,
        0.22703034509763573,
        0.20672423743896864,
        0.2029290868703163,
        0.18590093404995373,
        0.19963232993684482,
        0.17923519186054668
    ],
    "val_loss": [
        0.8464720018514215,
        0.9089263353037508,
        1.180230245848939,
        1.1955317857688013,
        2.615405110118445,
        2.0652606248144343,
        1.7842373252473134,
        1.6810082333921519,
        4.19506638849273,
        2.50291233534896,
        2.002719035175986,
        2.110012396797697,
        1.9628824240030491,
        2.1934321856402077,
        2.228409896871834
    ],
    "val_acc": [
        0.47332185886402756,
        0.46987951807228917,
        0.4974182444061962,
        0.5456110154905336,
        0.41824440619621345,
        0.5146299483648882,
        0.5301204819277109,
        0.4457831325301205,
        0.41824440619621345,
        0.5507745266781411,
        0.4509466437177281,
        0.53184165232358,
        0.4423407917383821,
        0.53184165232358,
        0.5645438898450946
    ],
    "val_precision": [
        0.4426229508196721,
        0.3835125448028674,
        0.4426229508196721,
        0.37349397590361444,
        0.41824440619621345,
        0.4563758389261745,
        0.33695652173913043,
        0.3623693379790941,
        0.41824440619621345,
        0.47715736040609136,
        0.2532467532467532,
        0.45821325648414984,
        0.35587188612099646,
        0.4586894586894587,
        0.48655913978494625
    ],
    "val_recall": [
        1.0,
        0.4403292181069959,
        0.7777777777777778,
        0.12757201646090535,
        1.0,
        0.8395061728395061,
        0.12757201646090535,
        0.4279835390946502,
        1.0,
        0.7736625514403292,
        0.16049382716049382,
        0.654320987654321,
        0.411522633744856,
        0.6625514403292181,
        0.7448559670781894
    ],
    "val_f1": [
        0.6136363636363636,
        0.40996168582375475,
        0.564179104477612,
        0.1901840490797546,
        0.5898058252427185,
        0.591304347826087,
        0.18507462686567164,
        0.3924528301886793,
        0.5898058252427185,
        0.5902668759811618,
        0.19647355163727956,
        0.5389830508474576,
        0.38167938931297707,
        0.5420875420875421,
        0.5886178861788618
    ]
}