{"train_loss": [0.5121230004411755, 0.1653230380680826, 0.11705663358096523, 0.09775510147176307, 0.06523870549757373, 0.02297219372298004, 0.023000502669619338, 0.014555167496166747, 0.015839884154065842, 0.025727428946258367], "val_loss": [0.9621092006053826, 1.494990055934105, 1.8897443704868424, 1.650712898709135, 1.9200682674362388, 2.2083330882859915, 2.1592386088474362, 2.2914202353256843, 2.281782391713932, 2.3348019278404135], "val_acc": [0.5731497418244407, 0.5576592082616179, 0.5077452667814114, 0.5714285714285714, 0.5697074010327022, 0.5473321858864028, 0.5955249569707401, 0.5542168674698795, 0.5524956970740104, 0.5731497418244407], "val_precision": [0.49230769230769234, 0.48055555555555557, 0.4551148225469729, 0.49206349206349204, 0.49076517150395776, 0.4752475247524752, 0.5111731843575419, 0.4792746113989637, 0.4782608695652174, 0.49343832020997375], "val_recall": [0.6584362139917695, 0.7119341563786008, 0.897119341563786, 0.7654320987654321, 0.7654320987654321, 0.7901234567901234, 0.7530864197530864, 0.7613168724279835, 0.7695473251028807, 0.7736625514403292], "val_f1": [0.5633802816901408, 0.5737976782752902, 0.6038781163434903, 0.5990338164251208, 0.5980707395498392, 0.5935085007727975, 0.6089850249584027, 0.5882352941176471, 0.5899053627760252, 0.6025641025641025]}