{"train_loss": [0.16818900587451127, 0.03302810344765095, 0.014367997932960421, 0.02549754349794709, 0.012486760702464527, 0.008852966673124811, 0.006789098073292707, 0.039769289908681366, 0.0021419025391823557, 0.0016670444424057172], "val_loss": [1.8265940845714346, 2.1143179772156993, 1.569354882651991, 3.128950397754511, 2.556814783321274, 2.760939354064423, 3.2898434634508416, 3.3417701518292358, 3.5199666028039456, 3.449498796270384], "val_acc": [0.5697074010327022, 0.5507745266781411, 0.6075731497418244, 0.5249569707401033, 0.5783132530120482, 0.5507745266781411, 0.5249569707401033, 0.5283993115318416, 0.5249569707401033, 0.5249569707401033], "val_precision": [0.4908616187989556, 0.47715736040609136, 0.5165562913907285, 0.45965770171149145, 0.4973544973544973, 0.47715736040609136, 0.45965770171149145, 0.4619164619164619, 0.45965770171149145, 0.45965770171149145], "val_recall": [0.7736625514403292, 0.7736625514403292, 0.9629629629629629, 0.7736625514403292, 0.7736625514403292, 0.7736625514403292, 0.7736625514403292, 0.7736625514403292, 0.7736625514403292, 0.7736625514403292], "val_f1": [0.6006389776357828, 0.5902668759811618, 0.6724137931034483, 0.5766871165644172, 0.605475040257649, 0.5902668759811618, 0.5766871165644172, 0.5784615384615385, 0.5766871165644172, 0.5766871165644172]}