{
    "train_loss": [
        0.5375993111067348,
        0.25362849558116823,
        0.07115872452020701,
        0.01877442894040385,
        0.011365903652624569
    ],
    "val_loss": [
        1.5870093207946685,
        3.290207928948504,
        3.2794748653081838,
        2.8538231721343448,
        2.904898724075655
    ],
    "val_acc": [
        0.4991394148020654,
        0.47676419965576594,
        0.4750430292598967,
        0.5645438898450946,
        0.5197934595524957
    ],
    "val_precision": [
        0.45330739299610895,
        0.44424131627056673,
        0.4432234432234432,
        0.4897119341563786,
        0.4649805447470817
    ],
    "val_recall": [
        0.9588477366255144,
        1.0,
        0.9958847736625515,
        0.9794238683127572,
        0.9835390946502057
    ],
    "val_f1": [
        0.6155878467635403,
        0.6151898734177216,
        0.6134347275031686,
        0.6529492455418382,
        0.631439894319683
    ]
}