{
    "train_loss": [
        0.34181737803164375,
        0.11147959676982466,
        0.06058081963529923,
        0.032708422629754076,
        0.020338601730402688
    ],
    "val_loss": [
        2.738021729213396,
        1.906369369759301,
        2.7460757379257092,
        3.1201386312814314,
        3.0035570272636867
    ],
    "val_acc": [
        0.5507745266781411,
        0.5886402753872634,
        0.5869191049913941,
        0.5576592082616179,
        0.5714285714285714
    ],
    "val_precision": [
        0.47715736040609136,
        0.505464480874317,
        0.5036144578313253,
        0.48223350253807107,
        0.49214659685863876
    ],
    "val_recall": [
        0.7736625514403292,
        0.7613168724279835,
        0.8600823045267489,
        0.7818930041152263,
        0.7736625514403292
    ],
    "val_f1": [
        0.5902668759811618,
        0.6075533661740559,
        0.6352583586626139,
        0.596546310832025,
        0.6016
    ]
}